,Diabetes_binary,HighBP,HighChol,BMI,Smoker,Stroke,HeartDiseaseorAttack,PhysActivity,GenHlth,Age
Diabetes_binary,1.0,0.26312878992336486,0.2002761918791174,0.2168430602031178,0.0607885056403422,0.10581606726811532,0.17728225780720455,-0.11813311489591297,0.29356906307871694,0.17744187216726115
HighBP,0.26312878992336486,1.0,0.29819929508041865,0.21374812024040526,0.0969914670496978,0.12957491304959765,0.20936121069003574,-0.12526686624470842,0.30052963059810955,0.3444523297635559
HighChol,0.2002761918791174,0.29819929508041865,1.0,0.10672208215788408,0.09129935725579985,0.09262007445489016,0.18076535489000223,-0.0780461859010541,0.20842554966320553,0.27231822626591873
BMI,0.2168430602031178,0.21374812024040526,0.10672208215788408,1.0,0.013804466705251069,0.020152660523695826,0.05290425645553985,-0.14729363356752506,0.23918537272777596,-0.036617635197923534
Smoker,0.0607885056403422,0.0969914670496978,0.09129935725579985,0.013804466705251069,1.0,0.061172674679169,0.11444121771037181,-0.08740116253342929,0.1631430670701351,0.12064108446704784
Stroke,0.10581606726811532,0.12957491304959765,0.09262007445489016,0.020152660523695826,0.061172674679169,1.0,0.2030019399902929,-0.06915141558046643,0.17794226019618992,0.1269736985442053
HeartDiseaseorAttack,0.17728225780720455,0.20936121069003574,0.18076535489000223,0.05290425645553985,0.11444121771037181,0.2030019399902929,1.0,-0.0872989869245232,0.25838340865872433,0.22161763244723504
PhysActivity,-0.11813311489591297,-0.12526686624470842,-0.0780461859010541,-0.14729363356752506,-0.08740116253342929,-0.06915141558046643,-0.0872989869245232,1.0,-0.2661856236820434,-0.09251063330118686
GenHlth,0.29356906307871694,0.30052963059810955,0.20842554966320553,0.23918537272777596,0.1631430670701351,0.17794226019618992,0.25838340865872433,-0.2661856236820434,1.0,0.15244982997372053
Age,0.17744187216726115,0.3444523297635559,0.27231822626591873,-0.036617635197923534,0.12064108446704784,0.1269736985442053,0.22161763244723504,-0.09251063330118686,0.15244982997372053,1.0
